To,Company,Country,Buying Intent,Subject,Body
hello@capchase.com,Capchase,United States,Medium,Buyer payment follow-ups for Capchase B2B flows,"Dear Capchase team,

Capchase describes its mission as reimagining B2B payments and financing, and offers Capchase Grow revenue financing.

Since flexible payment terms call for close attention to buyer payments, there may be scope for an AI agent to track customer invoices and send payment reminders.

I am Jacobs Roland, an AI automation specialist who designs and builds OpenClaw-based AI agents. These agents work alongside existing accounting, ERP and billing systems to handle invoice tracking, payment follow-ups, reconciliation and financial reporting.

Would you be open to a brief 20-minute call in the coming weeks to explore whether this could be useful for Capchase?

If this is not relevant to you, please let me know and I will not contact you again.

Kind regards,

Jacobs Roland
AI Automation Specialist | OpenClaw AI Agent Development
Email: savelroly@gmail.com"
info@capflowfunding.com,CapFlow Funding Group,United States,Medium,Invoice intake checks for CapFlow FactorLOC clients,"Dear CapFlow Funding Group team,

CapFlow Funding Group recently launched its FactorLOC factoring line of credit and publishes guidance on submitting invoices for factoring.

Since intake errors such as missing details or duplicate submissions slow funding, there may be scope for an AI agent to check invoice submissions and follow up with debtors.

I am Jacobs Roland, an AI automation specialist. I design and build OpenClaw-based AI agents that work alongside existing accounting, ERP and billing systems to handle invoice tracking, payment follow-ups, reconciliation and financial reporting.

Would you be willing to have a short 20-minute conversation in the coming weeks to consider whether this might be of value to CapFlow Funding Group?

If this is not relevant to you, please let me know and I will not contact you again.

Kind regards,

Jacobs Roland
AI Automation Specialist | OpenClaw AI Agent Development
Email: savelroly@gmail.com"
info@capstonetrade.com,Capstone Capital Group,United States,Medium,Factored receivables tracking for Capstone Capital Group,"Dear Capstone Capital Group team,

Capstone Capital Group provides purchase order financing and factoring from Rochelle Park, New Jersey, and writes about royalty factoring for musicians.

There may be scope for an AI agent to verify invoices, match debtor payments, raise aging alerts and prepare client account reports for factored receivables.

I am Jacobs Roland, an AI automation specialist. I build OpenClaw-based AI agents that operate alongside existing accounting, ERP and billing systems, covering invoice tracking, payment follow-ups, reconciliation and financial reporting.

If it would be helpful, I would welcome a brief 20-minute call at a time convenient to you to discuss whether this could suit Capstone Capital Group.

If this is not relevant to you, please let me know and I will not contact you again.

Kind regards,

Jacobs Roland
AI Automation Specialist | OpenClaw AI Agent Development
Email: savelroly@gmail.com"
support@creditkey.com,Credit Key,United States,Medium,Merchant settlement reporting for Credit Key,"Dear Credit Key team,

Credit Key offers B2B payment terms at checkout for merchants such as restaurant suppliers.

There may be scope for an AI agent to follow up on repayments, prepare merchant settlement reports and triage support requests.

I am Jacobs Roland, an AI automation specialist. I design and build OpenClaw-based AI agents that work alongside existing accounting, ERP and billing systems to handle invoice tracking, payment follow-ups, reconciliation and financial reporting.

Would you be open to a brief 20-minute call in the coming weeks to explore whether this could be useful for Credit Key?

If this is not relevant to you, please let me know and I will not contact you again.

Kind regards,

Jacobs Roland
AI Automation Specialist | OpenClaw AI Agent Development
Email: savelroly@gmail.com"
support@dwolla.com,Dwolla,United States,Medium,ACH return follow-ups for Dwolla platforms,"Dear Dwolla team,

Dwolla recently introduced a new contact information page in its dashboard.

For platform clients using Dwolla's ACH and account-to-account payments, there may be scope for an AI agent to follow up on ACH returns and reconcile payments.

I am Jacobs Roland, an AI automation specialist. I build OpenClaw-based AI agents that operate alongside existing accounting, ERP and billing systems, covering invoice tracking, payment follow-ups, reconciliation and financial reporting.

Would you be willing to have a short 20-minute conversation in the coming weeks to consider whether this might be of value to Dwolla?

If this is not relevant to you, please let me know and I will not contact you again.

Kind regards,

Jacobs Roland
AI Automation Specialist | OpenClaw AI Agent Development
Email: savelroly@gmail.com"
contact@expresstradecapital.com,Express Trade Capital,United States,Medium,Shipment to invoice tracking for Express Trade Capital,"Dear Express Trade Capital team,

Express Trade Capital provides factoring, PO financing and trade finance from North Miami Beach, with an office in New York.

As trade finance relies on matching shipments, invoices and payments, there may be scope for an AI agent to verify invoices, match debtor payments and alert your team when a payment is late.

I am Jacobs Roland, an AI automation specialist. I design and build OpenClaw-based AI agents that work alongside existing accounting, ERP and billing systems to handle invoice tracking, payment follow-ups, reconciliation and financial reporting.

I would be grateful for a brief 20-minute conversation, at your convenience, to explore whether this could add value for Express Trade Capital.

If this is not relevant to you, please let me know and I will not contact you again.

Kind regards,

Jacobs Roland
AI Automation Specialist | OpenClaw AI Agent Development
Email: savelroly@gmail.com"
info@fastarfunding.com,Fast A/R Funding,United States,Medium,Online submission checks at Fast A/R Funding,"Dear Fast A/R Funding team,

Fast A/R Funding provides accounts receivable factoring, including online factoring, from Sherman Oaks, California.

There may be scope for an AI agent to verify submitted invoices, check for duplicates or missing data and track debtor payments after funding.

I am Jacobs Roland, an AI automation specialist. I build OpenClaw-based AI agents that operate alongside existing accounting, ERP and billing systems, covering invoice tracking, payment follow-ups, reconciliation and financial reporting.

Would you be open to a brief 20-minute call in the coming weeks to explore whether this could be useful for Fast A/R Funding?

If this is not relevant to you, please let me know and I will not contact you again.

Kind regards,

Jacobs Roland
AI Automation Specialist | OpenClaw AI Agent Development
Email: savelroly@gmail.com"
cardservices@finexio.com,Finexio,United States,Medium,Supplier remittance queries at Finexio,"Dear Finexio team,

Finexio provides AP payments as a service with card and ACH, and runs a referral programme and card payment FAQ for suppliers.

There may be scope for an AI agent to respond to supplier payment status queries and match remittances.

My name is Jacobs Roland, and I am an AI automation specialist. I design OpenClaw-based AI agents that work with existing accounting, ERP and billing systems to support invoice tracking, payment follow-ups, reconciliation and financial reporting.

Would you be willing to have a short 20-minute conversation in the coming weeks to consider whether this might be of value to Finexio?

If this is not relevant to you, please let me know and I will not contact you again.

Kind regards,

Jacobs Roland
AI Automation Specialist | OpenClaw AI Agent Development
Email: savelroly@gmail.com"
support@finix.com,Finix,United States,Medium,Settlement reconciliation for Finix platforms,"Dear Finix team,

Finix provides payments infrastructure for software platforms and documents its support process.

There may be scope for an AI agent to reconcile settlements and follow up on disputes for platform clients.

I am Jacobs Roland, an AI automation specialist who designs and builds OpenClaw-based AI agents. These agents work alongside existing accounting, ERP and billing systems to handle invoice tracking, payment follow-ups, reconciliation and financial reporting.

If it would be helpful, I would welcome a brief 20-minute call at a time convenient to you to discuss whether this could suit Finix.

If this is not relevant to you, please let me know and I will not contact you again.

Kind regards,

Jacobs Roland
AI Automation Specialist | OpenClaw AI Agent Development
Email: savelroly@gmail.com"
help@found.com,Found,United States,Medium,Unpaid invoice reminders for Found members,"Dear Found team,

Found combines banking, invoicing and bookkeeping for self-employed people.

There may be scope for an AI agent to send unpaid invoice reminders and prepare tax set-aside summaries for Found members.

I am Jacobs Roland, an AI automation specialist. I build OpenClaw-based AI agents that operate alongside existing accounting, ERP and billing systems, covering invoice tracking, payment follow-ups, reconciliation and financial reporting.

I would be grateful for a brief 20-minute conversation, at your convenience, to explore whether this could add value for Found.

If this is not relevant to you, please let me know and I will not contact you again.

Kind regards,

Jacobs Roland
AI Automation Specialist | OpenClaw AI Agent Development
Email: savelroly@gmail.com"
support@fundbox.com,Fundbox,United States,Medium,Repayment reminders for Fundbox credit lines,"Dear Fundbox team,

I noted that Fundbox supports small businesses with credit lines and B2B payment terms, with its team available on weekdays.

With that in mind, there may be scope for an AI agent to prepare repayment reminders and borrower statement summaries alongside your existing systems, working within the tools your team already uses.

I am Jacobs Roland, an AI automation specialist. I design and build OpenClaw-based AI agents that work alongside existing accounting, ERP and billing systems to handle invoice tracking, payment follow-ups, reconciliation and financial reporting.

Would you be open to a brief 20-minute call in the coming weeks to explore whether this could be useful for Fundbox?

If this is not relevant to you, please let me know and I will not contact you again.

Kind regards,

Jacobs Roland
AI Automation Specialist | OpenClaw AI Agent Development
Email: savelroly@gmail.com"
gateway@gatewaycfs.com,Gateway Commercial Finance,United States,Medium,Invoice intake support for Gateway factoring clients,"Dear Gateway Commercial Finance team,

I noted that Gateway Commercial Finance offers accounts receivable factoring, with dedicated pages for staffing and cell tower companies as well as a factoring broker programme.

There may be scope for an AI agent to handle client invoice intake, debtor follow-ups and broker referral reporting, giving your team more time for higher-value work.

I am Jacobs Roland, an AI automation specialist, and I design and build OpenClaw-based AI agents that operate alongside existing accounting, ERP and billing systems, covering invoice tracking, payment follow-ups, reconciliation and financial reporting.

Would you be open to a brief 20-minute call in the coming weeks to explore whether this could be useful for Gateway Commercial Finance?

If this is not relevant to you, please let me know and I will not contact you again.

Kind regards,

Jacobs Roland
AI Automation Specialist | OpenClaw AI Agent Development
Email: savelroly@gmail.com"
info@interstatecapital.com,Interstate Capital,United States,Medium,Debtor payment matching for Interstate Capital,"Dear Interstate Capital team,

I noted that Interstate Capital offers invoice factoring, reverse factoring and trucking factoring, with a factoring line available around the clock.

There may be scope for an AI agent to verify invoices, match debtor payments, raise ageing alerts and prepare client account reports, giving your team more time for higher-value work.

My name is Jacobs Roland and I am an AI automation specialist. I build OpenClaw-based AI agents that sit alongside existing accounting, ERP and billing systems and take on invoice tracking, payment follow-ups, reconciliation and financial reporting.

Would you be willing to have a short 20-minute conversation in the coming weeks to consider whether this might be of value to Interstate Capital?

If this is not relevant to you, please let me know and I will not contact you again.

Kind regards,

Jacobs Roland
AI Automation Specialist | OpenClaw AI Agent Development
Email: savelroly@gmail.com"
info@mazon.com,Mazon Associates,United States,Medium,Client account statements for Mazon factoring,"Dear Mazon Associates team,

I noted that Mazon Associates was named Best Factoring Company 2026, and wished to offer my congratulations.

I believe there may be scope for an AI agent to prepare debtor follow-ups and client account statements for factored invoices, while your existing processes remain in place.

I am Jacobs Roland, an AI automation specialist, and I design and build OpenClaw-based AI agents that operate alongside existing accounting, ERP and billing systems, covering invoice tracking, payment follow-ups, reconciliation and financial reporting.

If it would be helpful, I would welcome a brief 20-minute call at a convenient time to discuss whether this could suit Mazon Associates.

If this is not relevant to you, please let me know and I will not contact you again.

Kind regards,

Jacobs Roland
AI Automation Specialist | OpenClaw AI Agent Development
Email: savelroly@gmail.com"
support@melio.com,Melio,United States,Medium,Incoming payment tracking for Melio users,"Dear Melio team,

I noted that Melio's help centre explains how users can track all incoming payments and manage vendor contact details.

With that in mind, there may be scope for an AI agent to track incoming payments, follow up on invoices and support payment reconciliation, working within the tools your team already uses.

My name is Jacobs Roland and I am an AI automation specialist. I build OpenClaw-based AI agents that sit alongside existing accounting, ERP and billing systems and take on invoice tracking, payment follow-ups, reconciliation and financial reporting.

If it would be helpful, I would welcome a brief 20-minute call at a convenient time to discuss whether this could suit Melio.

If this is not relevant to you, please let me know and I will not contact you again.

Kind regards,

Jacobs Roland
AI Automation Specialist | OpenClaw AI Agent Development
Email: savelroly@gmail.com"
info@milbergfactors.com,Milberg Factors,United States,Medium,Credit alerts on Milberg client receivables,"Dear Milberg Factors team,

I noted that Milberg Factors publishes on collection factoring and the credit protection of receivables.

There may be scope for an AI agent to handle collection factoring follow-ups and raise credit alerts on client receivables, giving your team more time for higher-value work.

I am Jacobs Roland, an AI automation specialist. I design and build OpenClaw-based AI agents that work alongside existing accounting, ERP and billing systems to handle invoice tracking, payment follow-ups, reconciliation and financial reporting.

Might you have 20 minutes in the coming weeks for a short call to assess whether this would be useful for Milberg Factors?

If this is not relevant to you, please let me know and I will not contact you again.

Kind regards,

Jacobs Roland
AI Automation Specialist | OpenClaw AI Agent Development
Email: savelroly@gmail.com"
mtsupport@mineraltree.com,MineralTree,United States,Medium,Invoice approval reminders for MineralTree customers,"Dear MineralTree team,

I noted that MineralTree publishes guidance on invoice fraud detection and AP fraud risk.

In that context, there may be scope to use an AI agent to raise vendor-change alerts, send invoice approval reminders and prepare payment run reports.

I am Jacobs Roland, an AI automation specialist, and I design and build OpenClaw-based AI agents that operate alongside existing accounting, ERP and billing systems, covering invoice tracking, payment follow-ups, reconciliation and financial reporting.

Might you have 20 minutes in the coming weeks for a short call to assess whether this would be useful for MineralTree?

If this is not relevant to you, please let me know and I will not contact you again.

Kind regards,

Jacobs Roland
AI Automation Specialist | OpenClaw AI Agent Development
Email: savelroly@gmail.com"
info@otrsolutions.com,OTR Solutions,United States,Medium,Carrier invoice status updates for OTR Solutions,"Dear OTR Solutions team,

I noted that OTR Solutions provides freight factoring and fuel programmes for carriers from Roswell, Georgia.

With that in mind, there may be scope for an AI agent to follow up on broker payments and send carrier invoice status updates, working within the tools your team already uses.

I am Jacobs Roland, an AI automation specialist. I design and build OpenClaw-based AI agents that work alongside existing accounting, ERP and billing systems to handle invoice tracking, payment follow-ups, reconciliation and financial reporting.

Would you be open to a brief 20-minute call in the coming weeks to explore whether this could be useful for OTR Solutions?

If this is not relevant to you, please let me know and I will not contact you again.

Kind regards,

Jacobs Roland
AI Automation Specialist | OpenClaw AI Agent Development
Email: savelroly@gmail.com"
info@paymentworks.com,PaymentWorks,United States,Medium,Payee onboarding reminders for PaymentWorks,"Dear PaymentWorks team,

I noted that PaymentWorks focuses on supplier onboarding, payee verification and B2B payment fraud prevention.

I believe there may be scope for an AI agent to send payee onboarding reminders, flag bank detail changes and prepare vendor master reports, while your existing processes remain in place.

I am Jacobs Roland, an AI automation specialist. I design and build OpenClaw-based AI agents that work alongside existing accounting, ERP and billing systems to handle invoice tracking, payment follow-ups, reconciliation and financial reporting.

Would you be willing to have a short 20-minute conversation in the coming weeks to consider whether this might be of value to PaymentWorks?

If this is not relevant to you, please let me know and I will not contact you again.

Kind regards,

Jacobs Roland
AI Automation Specialist | OpenClaw AI Agent Development
Email: savelroly@gmail.com"
support@paymerang.com,Paymerang,United States,Medium,Vendor payment status responses for Paymerang,"Dear Paymerang team,

I noted that Paymerang offers KwikTag document management support alongside its AP payment services.

With that in mind, there may be scope for an AI agent to answer vendor payment status queries and follow up on invoice capture, working within the tools your team already uses.

I am Jacobs Roland, an AI automation specialist, and I design and build OpenClaw-based AI agents that operate alongside existing accounting, ERP and billing systems, covering invoice tracking, payment follow-ups, reconciliation and financial reporting.

Would you be willing to have a short 20-minute conversation in the coming weeks to consider whether this might be of value to Paymerang?

If this is not relevant to you, please let me know and I will not contact you again.

Kind regards,

Jacobs Roland
AI Automation Specialist | OpenClaw AI Agent Development
Email: savelroly@gmail.com"
